lang,story,author,translator,words count
איטלקית,הזהו אדם.json,פרימו לוי,יצחק גרטי,5096
איטלקית,הרכבות הנוסעות למדראס.json,אנטוניו טאבוקי,אלון אלטרס,2703
איטלקית,אתה צוחק.json,לואיג'י פירנדלו,אורה אייל,1649
איטלקית,הבחורה נוסעת לקלבריה.json,ג׳וזפה ברטו,יונתן פיין,5890
איטלקית,אבירוּת כפרית.json,ג'ובאני כרמלו ורגה,יונתן פיין,1507
איטלקית,"דקאמרון: יום רביעי, סיפור תשיעי.json",ג'ובאני בוקאצ'ו,גאיו שילוני,936
איטלקית,רוסו מַלפֶּלו.json,ג'ובאני כרמלו ורגה,יונתן פיין,4338
איטלקית,"איטליה, ענן.json",מרקו לודולי,ארנו בר,589
איטלקית,"דקאמרון: יום חמישי, סיפור תשיעי.json",ג'ובאני בוקאצ'ו,גאיו שילוני,1797
איטלקית,"פאדרה פדרונה אבי, אדוני.json",גווינו לדה,מירון רפופורט,3853
איטלקית,הגוף האנושי.json,פאולו ג'ורדנו,יערית בן-יעקב,3556
אנגלית,אלוהים וסקס.json,מייקל קוגן,יעל סלע-שפירו,1187
אנגלית,התריסר.json,ג'סטין קרונין,אינגה מיכאלי,2399
אנגלית,המדריך הקצר לחיים ארוכים.json,דר דייוויד אגוס,גיא הרלינג,1873
אנגלית,לוויתן.json,פול אוסטר,משה רון,5097
אנגלית,ילדה עם שיער מוזר 1.json,דיוויד פוסטר וואלאס,אלינוער ברגר ואסף גברון,740
אנגלית,בשערי ממלכת החיות.json,איימי המפל,שלומציון קינן,1831
אנגלית,נער החידות ממומביי.json,ויקאס סווארופ,סיגל אדלר,3858
אנגלית,מיומנו של שרלוק הולמס.json,מוריס ברינג,דרור משעני,976
אנגלית,אנרכיסט.json,ג'וזף קונרד,ניצה פלד,5967
אנגלית,"אני, נלסון מנדלה.json",נלסון מנדלה,קובי מידן,751
אנגלית,יומני קרי.json,קנדיס בושנל,גיא הרלינג,1553
אנגלית,בית הממתקים.json,קארין גרהרדסן,יעל צובארי,2587
אנגלית,כיסא הקשירה.json,קתרין הריסון,אלינוער ברגר,4364
אנגלית,היקום של הדברים.json,גוונית' ג'ונס,אביתר אורן,3267
אנגלית,קרב אותי.json,ג' קנר,מיכל רביד,3271
אנגלית,בעקבות שרלמאן.json,סטיב ברי פרולוג,אורי בלסם,1122
אנגלית,חברות ששינו את העולם.json,ג'ונתן מנטל,עמית יריב,1708
אנגלית,מבעד למנהרה.json,דוריס לסינג,ליה נירגד,2913
אנגלית,ילדותו של ישו.json,ג'. מ. קוטזי,אברהם יבין,2132
אנגלית,ארץ הצללים.json,אליסון נואל,נילי לוי,3047
אנגלית,המוח הגברי.json,דר לואן בריזנדיין,יעל סלע-שפירו,1850
אנגלית,המאזין הלילי.json,ארמיסטד מופין,empty,4501
אנגלית,זיכרונותיו של חבר דמיוני.json,מתיו דיקס,דנה אלעזר הלוי,3151
אנגלית,אמסטרדם.json, איאן מקיואן,empty,4667
אנגלית,שחרר אותי.json,ג' קנר,מיכל רביד,2608
אנגלית,חוות החיות.json,ג'ורג' אורוול,לאה זגגי,4282
אנגלית,בעל ואשה.json,רוברט לואי סטיבנסון,אברהם יבין,1923
אנגלית,מאיפה יוצא הפיפי שלך.json,אמילי ברוט,תהל פרוש,1105
אנגלית,היסטוריה של המדע לצעירים מכל הגילים.json,ויליאם ביינום,יפתח בריל,1513
אנגלית,מדריך לעוזרות בית.json,לוסיה ברלין,מאיה פלדמן,3456
אנגלית,כופר נפשו של הצ'יף האדום.json,או. הנרי,אהרן אמיר,2947
אנגלית,הקרקס הנסתר.json,ג'ניפר איגן,ברוריה בן ברוך,2848
אנגלית,מקומות אפלים.json,גיליאן פלין,יעל אכמון,4663
אנגלית,חיים כפולים.json,ס.ג'. ווטסון,אורלי מזור יובל,1931
אנגלית,איך לדבר עם אמא שלך (רשימות).json,לורי מור,ליה נירגד,2249
אנגלית,מורדים.json,ורוניקה רות,נילי לוי,1262
אנגלית,איש הברק.json,דיוויד מינס,יותם ראובני ומאיה פלדמן,5365
אנגלית,רשת אפלה.json,מישה גלני,דפנה לוי,3161
אנגלית,האינטליגנציה הרפואית שלך.json,ג'רום גרופמן ופמלה הארטצבנד,יעל ענבר,1821
אנגלית,הבור והמטוטלת.json,אדגר אלן פו,עודד וולקשטיין,4177
אנגלית,בתולת ים בצנצנת.json,שילה הטי,ברוריה בן ברוך,338
אנגלית,שחר מפציע.json,סטפני מאייר,רחל אהרוני,6896
אנגלית,ההמצאה של מורל.json,אדולפו ביוי קסארס,ענת דוידי,3773
אנגלית,הגמד של מנדל.json, סיימון מאואר,empty,4549
אנגלית,חומר גנטי.json,חריסטוס ציולקס,יותם ראובני,2414
אנגלית,קמבודיה האמיתית.json,לורה ג'ין מקיי,אביתר אורן,2227
אנגלית,מובי דיק.json,הרמן מלוויל,גרשון גירון,1485
אנגלית,משתקפת בך.json,סילביה דיי,מיכל רביד,3933
אנגלית,אלף שמשות זוהרות.json,חאלד חוסייני,צילה אלעזר,3424
אנגלית,דירות א'.json,מרים סיון, קטיה בנוביץ',3354
אנגלית,מעריסה לעריסה.json,מיכאל בראונגרט וויליאם מק'דונו,אור אלכסנדרוביץ',2141
אנגלית,עולם ומלואו - סיפורם של כדור הארץ ובני האדם מהמפץ הגדול ועד ימינו.json,כריסטופר לויד,גיא הרלינג,2011
אנגלית,העכברה.json,אנאיס נין,שירלי אגוזי,1937
אנגלית,עסקים מחוץ לקופסה.json,ג'ייסון פריד ודייוויד ה' הנסון,גרשון גירון,1530
אנגלית,התרחשות בגשר נחל הינשוף.json,אמברוז בירס,משה רון,2756
אנגלית,אקספרס הדיבור הישיר.json,דיוויד פוסטר וואלאס,דבי אילון,360
אנגלית,העולם בשנת 2050.json,לורנס ס' סמית,עפר קובר,2912
אנגלית,מלחמת התשוקה.json,ג'ון גריי,מיכל רביד,2355
אנגלית,פעם אחר פעם.json,בריס די-ג'יי פנקייק,מאיה פלדמן,1281
אנגלית,לילה אחרון.json,אלדד גיל,אילנה ברנשטיין,821
אנגלית,שנים עשר השבטים של האטי.json,איאנה מאתיס,מיכל אלפון,2838
אנגלית,אדום תופס את העין.json,ג'יין רוג'רס,ליה נירגד,3895
אנגלית,המעון של מיס פרגרין לילדים משונים.json,רנסום ריגס,טל ארצי,4943
אנגלית,משחקים ושעשועי שווא.json,ג'יימס סולטר,יונתן דה שליט,2640
אנגלית,אלוף סוס-העץ.json,"ד""ה לורנס",עודד פלד,4040
אנגלית,איש בחושך.json,פול אוסטר,מיכל אלפון,4847
אנגלית,מעבר לקצה.json,סי־ג'יי בוקס,יוני רז פורטוגלי,3826
אנגלית,החנות שיש בה הכול.json,בראד סטון,תומר שפינדל,3285
אנגלית,יומני הערפד.json,ל. ג`. סמית,רחל אהרוני,6869
אנגלית,המפתח שמתחת לאבן.json,בנג'מין בלאק,סמדר מילוא,1881
אנגלית,המציאות הנסתרת.json,בריאן גרין,עמנואל לוטם,2882
אנגלית,עַרַבּי.json,ג'יימס ג'ויס,אברהם יבין,1638
אנגלית,התמונות הנבואיות.json,נתניאל הותורן,משה רון,4008
אנגלית,ההיפופוטם הצוחק.json,ל. פרנק באום,ליה נרגד,2274
אנגלית,מיסטר סקווישי.json,דייוויד פוסטר וואלאס,אלינוער ברגר,1410
אנגלית,מבחן המרשמלו מיומנות השליטה העצמית הבסיס להצלחה בחיים.json,וולטר מישל,גיא הרלינג,1744
אנגלית,מאדאם רוֹז הַאנִי.json,ג'ובראן חליל ג'ובראן,רעיה ג'קסון,3705
אנגלית,עיר הברקת.json,ג'ניפר איגן,"יואב כ""ץ",3651
אנגלית,כוחו של אלוהים.json,שרווד אנדרסון,רחל פן,2104
אנגלית,עשרה קילומטר דרומה.json,פיל קליי,יונתן פיין,3408
אנגלית,הסימן על הקיר.json,וירג'יניה וולף,ברוריה בן ברוך,2302
אנגלית,"ארוחה עם מל""ט – רשמים מעיר תחת אש.json",עאטף אבו סיף,מאיה פלדמן,3195
אנגלית,למה הוא עושה את זה.json,לנדי בנקרופט,תמי אילון-אורטל,2281
אנגלית,כבוד.json,אליף שאפיק,עידית שורר,809
אנגלית,תרופת המוות.json,ג'יימס דשנר,דבי אילון,772
אנגלית,על שתי רגליים וכנפיים.json,עבאס קזורני,יעל סלע-שפירו,3407
אנגלית,הוכחה לגן עדן.json,דר אבן אלכסנדר,צילה אלעזר,901
אנגלית,חוב קטלני.json,ג'ון גאפר,דרורה בלישה,3428
אנגלית,סוכן זיגזג.json,בן מקנטייר,דפנה בן יוסף,1774
אנגלית,רוי ספייבי.json,מירנדה ג׳ולי,קטיה בנוביץ',1945
אנגלית,שש דרכים לקפוץ מגשר.json,בריאן ליאונג,"יואב כ""ץ",3787
אנגלית,13 13 13.json,ריצ'רד בראוטיגן,יותם ראובני,1211
אנגלית,מפגש עם חוליית הבריונים.json,ג'ניפר איגן,"יואב כ""ץ",3533
אנגלית,נגד האלים.json,פיטר ברנשטיין,שיר חבר,1312
אנגלית,איגוד השוטרים היִידים.json,מייקל שייבון,משה רון,1732
אנגלית,מגידו.json,מתיו דן,שמעון בוזגלו,2283
אנגלית,טיסת לילה.json,אדמת אנוש,משה מרון,360
אנגלית,בקתת פילומלה.json,אגתה כריסטי,שירלי אגוזי,5798
אנגלית,חירות.json,ג'ונתן פראנזן,עפרה אביגד,7845
אנגלית,מילותיו האחרונות של בֵּנִיטוֹ פִּיקוֹנֶה.json,אנתוני מארה,מיכל אלפון,3244
אנגלית,52 פיתויים.json,בטי הרברט,זיו יצחקי,2016
אנגלית,מנהל הדואר.json,רבינדראנת טאגור,ליאורה כרמלי,1657
אנגלית,סטיאגרהה בדרום אפריקה.json,מ' ק' גנדהי,מתן קמינר,2030
אנגלית,האיש שלנו בהוואנה.json,גראהם גרין,"יואב כ""ץ",1784
אנגלית,כוס הקפה שגרמה לי להתאהב.json,פרופ תלמה ליבל,עופר קובר,1448
אנגלית,אני לא זוכרת כלום.json,נורה אפרון,אורית הראל,2848
אנגלית,סודות אל. איי.json,ג'יימס אלרוי,אודי תגרי,4162
אנגלית,ההתנקשות במרגרט תאצ'ר.json,הילרי מנטל,ליה נירגד,5073
אנגלית,רונאלדו - השאיפה לשלמות.json,לוקה קאיולי,יונתן פיין,526
אנגלית,החיים הסודיים של המוח המבוגר.json,ברברה שטראוך,גיא הרלינג,3019
אנגלית,אוטוביוגרפיה.json,מ. ק. גנדהי,יניץ לוי,1152
אנגלית,"ז'ורז' פרק , חיים במילים.json",דייוויד בלוס,יניב חג'בי,2519
אנגלית,ימיה האחרונים של ראביט הייז.json,אנה מקפרטלין,רחל פן,6622
אנגלית,הפרשה המסתורית בסטיילס.json,אגתה כריסטי,מיכל אלפון,2607
אנגלית,אסכולה ישנה.json,טוביאס וולף,משה רום,5695
אנגלית,מותו של האגרופן (או הקרב המהולל בין ג'ייקוב ברק לבליינדמן מקגרו).json,דניאל מייסון,אמיר צוקרמן,5637
אנגלית,המערבולת.json,פיטר קוריס,שרונה גורי,1400
אנגלית,צדק למראית עין.json,דר מייקל באדן ולינדה קני באדן,שרה ריפין,1057
אנגלית,"דין וחשבון על דעיכתה של האלקה הגדולה, לדברי מי שחזה בה.json",ג'סי גרינגראס,קטיה בנוביץ',1307
אנגלית,סיפורי ניק אדמס.json,ארנסט המינגוויי,"יואב כ""ץ",635
אנגלית,נסיבות טבעיות.json,ג'יימס אוסוולד,אורית הראל,1397
אנגלית,ניחוח כריזנטמות.json,"ד""ה לורנס",שירלי אגוזי,5764
אנגלית,עולם חדש מופלא.json,אלדוס האקסלי,מאיר ויזלטיר,3483
אנגלית,על פני הבריאה כולה.json,רות ל. אוזקי,שרון גל,1337
אנגלית,לבד בתיאטרון המוות.json,טרי הייז,שמעון בוזגלו,1168
אנגלית,זה הסוף שלך.json,"ריאן נורת, מתיו בנארדו ודייוויד מלכי",יעל סלע-שפירו,1369
אנגלית,יסתובב לו העולם הגדול.json,קולום מק`קאן,אמיר צוקרמן,1429
אנגלית,לוותר או להסתער.json,סת' גודין,יעל סלע-שפירו,1037
אנגלית,הבאג המהופך.json,לורי סגל,מאיה פלדמן,3644
אנגלית,מוסיקת המקרה.json,פול אוסטר,משה רון,4720
אנגלית,הצעה צנועה.json,ג'ונתן סוויפט,יואב איתמר,2433
אנגלית,1984.json,ג'ורג' אורוול,יהודית אביטל,5136
אנגלית,נקמת דם בפריז.json,סטיב ברי,אמנון כץ,1707
אנגלית,אסמה.json,סאקי,אלון מרקוס,1202
אנגלית,צומת באר המים הקרירים.json,ארווינד אדיגה,יואב כ״ץ,2885
אנגלית,קרקע לא מוכרת.json,ג'ומפה להירי,מיכל אלפון,38271
אנגלית,המצב האנושי.json,חנה ארנדט,אריאלה אזולאי ועדי אופיר,4837
אנגלית,איש איטי.json,ג'. מ. קוטז,אברהם יבין,2920
אנגלית,טבעוני בהתהוות.json,ג'ונתן לתם,מאיה פלדמן,4015
אנגלית,שנת הבשרים שלי.json,רות ל. אוזקי,אלינוער ברגר,6364
אנגלית,ה-JPEG.json,רייצ'ל ב. גלזר,רנה ורבין,2564
אנגלית,באושר ובאושר.json,דר טח בן שחר,עידית שורר,1829
אנגלית,ללמוד מהטובים ביותר.json,לאזלו בוק,ענבל שגיב נקדימון,1484
אנגלית,המשפחה הראשונה.json,מייק דש,דבי אילון,8861
אנגלית,ספר האש.json,ג'יין בורודייל,יניב פרקש,2793
אנגלית,דחיינות.json,פירז סטיל,עופר שור,3804
אנגלית,חזק אותי.json,ג' קנר,מיכל רביד,2474
אנגלית,נסיכת הצעצוע.json,מרי דה מורגן,מרית בן ישראל,2934
אנגלית,בגידה.json,כריסטופר רייך,אסנת הדר,1051
אנגלית,מקום יפה למות בו.json,מאלה נאן,לאה ששקו,7641
אנגלית,סיימון מוצא את דרכו.json,בקי אלברטלי,כנרת היגינס-דוידי,1384
אנגלית,אני עומדת כאן ומגהצת.json,טילי אולסן,רעות בן-יעקב,2665
אנגלית,ללכת.json,דיוויד קואמן,"יואב כ""ץ",8244
אנגלית,גלגול בפארק אווניו.json,נתן אנגלנדר,empty,4582
אנגלית,סהרורים.json,ג'וזפין אנג'ליני,יעל ענבר,2249
אנגלית,פור.json,ורוניקה רות,נילי לוי,358
אנגלית,חוקי מוסקבה.json,דניאל סילבה,ניצה פלד,2152
אנגלית,עכביש בצנצנת.json,תיאודורה ארמסטרונג,ברוריה בן ברוך,3234
אנגלית,קיץ ללא גברים.json,סירי הוסטוט,מיכל כהן,1829
אנגלית,עלומים.json,ג'. מ. קוטזי,empty,4890
אנגלית,איך - זה הכול.json,דב סיידמן,תומר שפינדל,7989
אנגלית,שבת.json,איאן מקיואן,סמדר מילוא,5150
אנגלית,סוויטות לצ'לו.json,אריק סיבלין,סמדר מילוא,1656
אנגלית,דוֹן ארנב – דייג מאין כמוהו.json,ג'ואל צ'נדלר הריס,אוריאל אופק,744
אנגלית,לנצח.json,אליסון נואל,נילי לוי,1035
אנגלית,הנערה מבוסטון.json,אניטה דיאמנט,מרב זקס-פורטל,1436
אנגלית,הסיפור המופלא של הלן קלר.json,לורנה א. היקוק,נילי לוי,1958
אנגלית,סוכן במלכוד.json,דניאל סילבה,ניצה פלד,1516
אנגלית,אינטליגנציה אקולוגית.json,דניאל גולמן,יבודה בן-מוחה,2453
אנגלית,ארמון הירח.json,פול אוסטר,empty,5545
אנגלית,חרפה.json,ג'. מ. קוטזי,סמדר מילוא,4293
אנגלית,מועדון המתאבדים.json,רוברט לואי סטיבנסון,אברהם יבין,3568
אנגלית,שוקולד.json,מנג'ו קפור,דנה אלעזר-הלוי,1812
אנגלית,הרציחות ברחוב מורג.json,אדגר אלן פו,שירלי אגוזי,9523
אנגלית,אלוהים יודע.json,ג'וזף הלר,מאיר ויזלטיר,5213
אנגלית,הטפט הצהוב.json,שרלוט פרקינס גילמן,דפנה רוזנבליט,4466
אנגלית,לגעת בעושר.json,שרון ל' לכטר וגרג ס' ריד,אסתי וכטל,682
אנגלית,מגע הזהב.json,דונלד טראמפ ורוברט קיוסאקי,דרורה בלישה,1770
אנגלית,אל תיגע בזמיר.json,נל הרפר לי,צבי ארד,4458
אנגלית,מודל למיליונר.json,אוסקר וויילד,סיגל אדלר,1515
אנגלית,כף הקוֹף.json,"ו""ו ג'ייקובס",יהונתן דיין,2670
אנגלית,המעבר.json,ג'סטין קרונין,אינגה מיכאלי,5461
אנגלית,מחוברת אליך.json,סילביה דיי,מיכל רביד,2738
אנגלית,אלו הם מים.json,דיוויד פוסטר וואלאס,אסף גברון,314
אנגלית,הדבר האחרון שאנחנו צריכים.json,קלייר וֵיי ווטקינס,מיכל כהן,3136
אנגלית,מחסור.json,סנדהיל מולנייתן ואלדר שפיר,אמנון כץ,4462
אנגלית,נתתי לך ללכת.json,קלייר מקינטוש,אסנת הדר,2070
אנגלית,מכירת חיסול.json,יו לורי,יעל אכמון,3907
אנגלית,מבחני הכוויה.json,ג'יימס דשנר,דבי אילון,1042
אנגלית,כן!.json,"רוג'ר פישר, ויליאם יורי וברוס פאטון",דרורה בלישה,712
אנגלית,משחק מוזר לחג המולד.json,שרלוט רידל,ברוריה בן-ברוך,1412
אנגלית,סוד הקסם היפני.json,מארי קונדו,אורית בן זאב,4461
אנגלית,חשופה לעיניך.json,סילביה דיי,מיכל רביד,3983
אנגלית,בִּילִי שוב מת.json,ארי ליברמן,ארי ליברמן,2110
אנגלית,מקוללים.json,ג'וזפין אנג'ליני,יעל ענבר,3512
אנגלית,הפרה שבחדר.json,מלאני ג'וי,דבי אילון,1979
אנגלית,ראיונות קצרים עם גברים נתעבים.json,דיוויד פוסטר וואלאס,אלינוער ברגר,784
אנגלית,הדבר האמיתי.json,הנרי ג'יימס,אברהם יבין,8095
אנגלית,כדור בראש.json,טוביאס וולף,מאיה פלדמן,1485
אנגלית,טמגוצ׳י.json,אדם מארק,"יואב כ""ץ",2870
אנגלית,אלילית.json,ג'וזפין אנג'ליני,יעל ענבר,3705
אנגלית,הירושימה.json,ג'ון הרסי,דנה אלעזר הלוי,4524
אנגלית,גטסבי הגדול.json,פ' סקוט פיצג'רלד,ליאור שטרנברג,694
אנגלית,מרגלי הבלקן.json,אלן פירסט,צילה אלעזר,3278
אנגלית,ההרפתקאות המדהימות של קוואליר וקליי.json, מייקל שייבון,empty,4448
אנגלית,ביוגרפיה של שמלה.json,ג'מייקה קינקייד,ליה נירגד,2420
אנגלית,ספינת העבדים.json,מרקוס רדיקר,עפרה אביגד,3620
אנגלית,שניים.json,דניס ג'ונסון,ארז שוייצר,2492
אנגלית,"אני, הנרי השמיני.json",מרגרט ג'ורג',צילה אלעזר,5114
אנגלית,החתול שהלך לבדו.json,רודיארד קיפלינג,תלמה אליגון-רוז,2799
אנגלית,מפוצלים.json,ורוניקה רוֹת,נילי לוי,1187
אנגלית,מיועדים.json,אליסון נואל,יעל סלע-שפירו,269
אנגלית,15 שעות.json,דייוויד קסלר,טל ארצי,1563
אנגלית,בבקשה תשגיחי על אמא.json,קיונג סוק שין,מרב זקס-פורטל,1954
אנגלית,גן העדן.json,ארנסט המינגווי,"יואב כ""ץ",1664
אנגלית,השם הטוב.json,ג'ומפה להירי,שלומית אפל,5506
אנגלית,עץ עשן.json,דניס ג'ונסון,ליה נירגד,645
אנגלית,ההורסים.json,גרהם גרין,מאיה פלדמן,4217
אנגלית,דיאטת השלום העולמי.json,דר וויל טאטל,"עדי צור, יונתן בר, רימונה גרסון",4337
אנגלית,אמא של אלף שמונים וארבע.json,מהשוטה דוי,ניב סבריאגו,721
אנגלית,מצב קודם.json,ג'יימס בולדווין,זהר אלמקייס,4216
אנגלית,הזנב הארוך.json,כריס אנדרסון,דרורה בלישה,3281
אנגלית,אילון מאסק.json,אשלי ואנס,כנרת היגינס-דוידי,4849
אנגלית,אש - שבע הממלכות 2.json,קריסטין קאשור,יעל אכמון,3055
אנגלית,מקמאפיה-פשע ללא גבולות.json,מישה גלני,דפנה לוי,1053
אנגלית,נאמנים.json,ורוניקה רות,מיכל בכר,422
אנגלית,רשימות של עכביש.json,קמילה גרודובה,מאיה פלדמן,3166
אנגלית,לכל דבר יש מחיר.json,אדוארדו פורטר,דורון גרינשפן,3336
אנגלית,בינת השכווי.json,אביגדור דגן,צבי אדר,5059
אנגלית,נמכרה.json,פטרישיה מק'קורמיק,רז קטלן,513
אנגלית,יורחי הדבש.json,צ'אק קינדר,אמיר צוקרמן,1354
אנגלית,זוג גרבוני משי.json,קייט שופן,שירלי אגוזי,1417
אנגלית,אלוהים מה זה צריך להביע.json,סיימון ריץ',טל ארצי,1485
אנגלית,קיץ בסמרקנד.json,אליף בָּאטוּמָן,יונתן רז פורטוגלי,6116
אנגלית,פתרון סופי.json,מייקל שייבון,אלינוער ברגר,1269
אנגלית,הריצה של בינגו.json,ג'יימס א' לווין,עפרה אביגד,1161
אנגלית,רכבת לינקולן.json,מורין פ. מקיו,דבי אילון,4100
אנגלית,להבה אפלה.json,אליסון נואל,נילי לוי,3816
אנגלית,נעלמת.json,ג`יליאן פלין,יעל אכמון,2268
אנגלית,וולפי ואופי השטרודלים.json,צבי יגנדורף,יוסי מילוא,4964
אנגלית,אינטליגנציה חיובית.json,שירזאד צ'אמין,תומר שפינדל,2730
אנגלית,עד אין קץ.json,אליסון נואל,נילי לוי,1971
אנגלית,אחת עשרה אליפויות.json,פיל ג'קסון יחד עם יו דלהנטי,תומר שפינדל,2321
אנגלית,גן העדן של הרווקים והטרטרוס של העלמות.json,הרמן מלוויל,לאה פרייליך,6283
אנגלית,מתנת חכמי-הקדם.json,או. הנרי,אהרן אמיר,1540
אנגלית,נפילת בית אשר.json,אדגר אלן פו,עודד וולקשטיין,4706
אנגלית,קולד מאונטן.json,צ'רלס פרייזר,ליה נירגד,5154
אנגלית,מבעד לאש.json,רודיארד קיפלינג,אלון מרקוס,1028
אנגלית,כפרה.json,איאן מקיואן,עתליה זילבר,5040
אנגלית,בעל זבוב.json,ויליאם גולדינג,אמיר צוקרמן,4296
אנגלית,הבִקעה.json,ג'ומפה להירי,מיכל אלפון,1421
אנגלית,הפילוסופים הגדולים.json,סטיבן לאו,אינגה מיכאלי,2137
אנגלית,אושר אפשרי.json,דר טל בן-שחר,עידית שורר,541
אנגלית,האוסמה האחרון.json,לביא תדהר,שמעון אדף,4892
אנגלית,משהו כיפי לכאורה שלא אחזור עליו לעולם.json,דיוויד פוסטר וואלאס,אלינוער ברגר,3232
אנגלית,המכתב הגנוב.json,אדגר אלן פו,אלינוער ברגר,4687
אנגלית,יומנה של חוה.json,מארק טוויין,נח אבידור,3007
אנגלית,איינשטיין חייו והיקום שלו.json,וולטר אייזקסון,דוד מדר,2097
אנגלית,הטיגריס הלבן.json,ארווינד אדיגה,"יואב כ""ץ",2172
אנגלית,פחות זה הרבה יותר.json,ליאו בבאוטה,מוטי הינוך,969
אנגלית,לפתוח דלת - לסגור עסקה.json,לינדה ריצ'רדסון,דורון גרינשפן,1455
אנגלית,גם כן טְרֶפְּסיכוֹרֵה.json,אליזבת מקראקן,אמיר צוקרמן,3805
אנגלית,חצוצרה.json,ג'קי קיי,אלינוער ברגר,5271
אנגלית,הגבירה מבית האהבה.json,אנג'לה קרטר,טל ניצן,4916
אנגלית,לואובוי.json,ג'ון ריי,גיא הרלינג,1601
אנגלית,דברי מתיקה.json,איאן מקיואן,מיכל אלפרון,3858
אנגלית,העולם עד אתמול.json,ג'ארד דיימונד,עתליה זילבר,9644
אנגלית,גשם שחור.json,גראהם בראון,אמנון כץ,1460
אנגלית,זרה בין המילים.json,אווה הופמן,empty,4749
אנגלית,לפרוץ קדימה.json,שריל סנדברג,עוםר קובר,2387
אנגלית,"אין חדש, או מה הרג את הכלב?.json",ריי ברדבורי,עודד וולקשטיין,1919
אנגלית,מר פוטר.json,ג'מייקה קינקייד,יערית טאובר בן-יעקב,2338
אנגלית,אמנות ההקשבה לפעימות הלב.json,יאן פיליפ סנדקר,יוסיפיה סימון,1343
אנגלית,ציפור אלוהים שבשמים.json,ג'יימס מקברייד,צילה אלעזר,3707
אנגלית,לפוצץ רכבת.json,"ת""א לורנס",עמיהוד ארבל,3145
אנגלית,קבר הקיסר.json,סטיב ברי,אמנון כץ,1380
אנגלית,תיק רצח.json,טוני פרסונס,"יואב כ""ץ",1959
אנגלית,אור וחלל.json,נד באומן,מאיה פלדמן,3956
אנגלית,ספר האשליות.json,פול אוסטר,ברוריה בן ברוך,5349
אנגלית,בשם אנגליה.json,ג'יימס הוז,אסף גברון,2190
אנגלית,טלויזיה.json,לידיה דיוויס,מאיה פלדמן,764
אנגלית,ירח כחול.json,אליסון נואל,נילי לוי,1272
אנגלית,טובת הילד.json,איאן מקיואן,מיכל אלפון,2501
אנגלית,ארי ודנטה מגלים את סודות היקום.json,בנג'מין אלירה סאיינז,מאירה פירון,1539
אנגלית,העלה האחרון.json,או. הנרי,אהרן אמיר,1748
אנגלית,אסטרטגיית האוקיינוס הכחול.json,"וו' צ'אן קים, רנה מובורן",עפר קובר,2914
אנגלית,דרך צלחה.json,רמונה אוסובל,שרון פרמינגר,3859
גרמנית,הנאורות שלפני הנפילה.json,רוברט מנאסה,גדי גולדברג,3033
גרמנית,זה אני.json,קריסטינה שילקה,שירי שפירא,1880
גרמנית,קבר כפול.json,ברברה הוניגמן,אמיר אנגל,1515
גרמנית,המתופף של הצאר.json,ארנו שמידט,גדי גולדברג,1909
גרמנית,המיקרוגל שלכם.json,פיליפ שנטלר,ארז וולק,4059
גרמנית,מי אני מה אני.json,ריכרד דוויד פרכט,אלעד לפידות,2128
גרמנית,ערב ארוך מדי. על אמנות המשורר היפני יאסושי אינאה.json,פוֹלקֶר צסטְרוֹפ,נועה קול,2823
גרמנית,מות האם.json,מיכאל לנץ,גדי גולדברג,4548
גרמנית,אסרה.json,מקסים בילר,מיכאל דק,1587
גרמנית,פְּני חלב.json,יאן סנלה,ליה נירגד,1135
גרמנית,גת שמנים.json,ראלף רותמן,ליה נירגד,2337
גרמנית,"האשליה הגדולה באולם הקהילתי הסמוך לנגריית ״קְלינגֶנרַייטֶר עבודות עץ, יבוא-יצוא״.json",סשה סטנישיץ',גדי גולדברג,3139
גרמנית,גזר הדין.json,פרנץ קפקא,אילנה המרמן,3097
גרמנית,שבילים אפשריים.json,מרגריטה איוב,שירי שפירא,1739
גרמנית,אמה ויגואר.json,אריקה פישר,דפנה עמית,4965
גרמנית,איש שלא הבחין בשום דבר.json,רוברט ואלזר,רן הכהן,844
גרמנית,"פרנצלאואר ברג, לילה.json",אנט גרשנר,גדי גולדברג,3426
גרמנית,מחוץ לדלת.json,קלמנס מאייר,גדי גולדברג,3187
גרמנית,"החבר שלי, הָאנֶס.json",ריטה פאלק,דפנה עמית,937
גרמנית,לפני החוק.json,פרנץ קפקא,אילנה המרמן,502
גרמנית,האדריכל.json,מקס בילר,נועה קול,1873
גרמנית,למה אנחנו שוב הולכים לוואטאן?.json,אנדריאס שטיכמן,גדי גולדברג,1450
גרמנית,הנוסע.json,פרנץ קפקא,אילנה המרמן,202
גרמנית,בית בודנברוק.json,תומאס מאן,נילי מירסקי,4342
גרמנית,מותו של רווק.json,ארתור שניצלר,רות בונדי,2960
גרמנית,עצלות.json,אווה מֶנָסֶה,עופרה קק,3456
גרמנית,בשום מקום אחר.json,מתיאס ברנדט,יונתן ניראד,3026
גרמנית,דגנו זיקוקים.json,קארן קוהלר,ליה נירגד,1609
גרמנית,חווייתו של המרשל בסומפייר.json,הוגו פון הופמנסטל,גדי גולדברג,2667
גרמנית,שיעור התעמלות.json,ריינר מריה רילקה,עדה ברודסקי ויעקב גוטשלק,1509
גרמנית,חמישים גוונים של אפור.json,אנה פריצקאו,שירי שפירא,1654
גרמנית,הפורטוגזית.json,רוברט מוסיל,אברהם כרמל,5857
גרמנית,הגנבים היפים.json,מרטין קלוגר,יונתן ניראד,3102
גרמנית,הצופים.json,קתרין רֶגלָה,גדי גולדברג,3685
דנית,גן החורף.json,דורתה נורס,דנה כספי,824
הולנדית,חרב הסרטן.json,הנק פרופר,רחל ליברמן,3326
הולנדית,טירזה.json,ארנון גרונברג,רחל ליברמן,989
הולנדית,ההחלטה.json,בריטה בוהלר,רחל ליברמן,716
הולנדית,למעלה שקט.json,חרברנד באקר,רחל ליברמן,454
הונגרית,קוויאר.json,אילקה פָפ-זקור,דוד טרבאי,1772
הונגרית,נכדו של מתנקש.json,ג'ורג' שפירו,דוד טרבאי,1418
הונגרית,סיפורים בני דקה.json,אישטוון אֶרקֶן,דוד טרבאי,1353
הונגרית,ללא גורל.json,אימרה קרטס,מרים אלגזי,5550
הונגרית,עצות לבעלי כלבים.json,לסלו דארבשי,דוד טרבאי,2269
טורקית,הנוסעת בשלג.json,אייפר טונץ',גליה וורגן וג'ני וורגן-אחימס,4079
יוונית,כלב מת בחצות.json,קוֹסְטַס קָצוּלאריס,אמיר צוקרמן,8088
יוונית,יד כמעט תכולה.json,רֵאָה גָלָנָאקִי,רמי סערי,876
יוונית,לאור היום.json,קונסטנדינוס קוואפיס,אמיר צוקרמן,2634
יידיש,האור הגדול.json,אליעזר בלום,דן מירון,1296
יידיש,העבד.json,יצחק בשביס זינגר,empty,4701
יידיש,שושה.json,יצחק בשביס זינגר,צבי ארד,4814
יידיש,המכתב.json,יוסל בירשטיין,שחר פינסקר,1943
יפנית,הקור.json,אקוטגאווה ריונוסוקה,אירית ויינברג,1295
יפנית,ראשומון.json,אקוטגאווה ריונוסוקה,ציפי עברי,1822
מלטזית,בבר של ליוויה.json,פייר י. מיילאק,יעל אכמון,1018
נורווגית,קנאת סַפָּרים.json,לארס סוֹבּי כְּריסטֶנסֶן,דנה כספי,5138
נורווגית,ציידי הראשים.json,יו נסבו,דנה כספי,172
נורווגית,הבלתי נראים.json,רוי יקובסן,דנה כספי,655
סינית,חלום על אַיִל.json,ליה דזה,דן דאור,289
סינית,הסוס שבתמונה.json,פו סונג-לינג,אמירה כץ,353
סינית,הקוסם שעל הגשר.json,ווּ מינְג-יִי,קובי לוי,4038
סינית,נערת חלומותיו.json,סברינה חואנג,קובי לוי,2635
ספרדית,גידול סיאמי.json,איגנאסיו פָּדִיָה,ליה נירגד,1734
ספרדית,ערוּת.json,אוליבריו קואליו,אדם בלומנטל,3321
ספרדית,דלתות אסורות.json,פאביו מוראביטו,משה רון,2717
ספרדית,פעמון.json,כריסטיאן קרוסאט,אדם בלומנטל,2028
ספרדית,ההורים שלי והילדים שלי.json,סמנתה שוובלין,אדם בלומנטל,1816
ספרדית,"מה קורה, מותק?.json",מתיאס קנדיירה,מירי ויקסמן,1089
ספרדית,איזון מופלא.json,לוסיה אצ'ווריה,יערית בן-יעקב,4732
ספרדית,צניחת עפעפיים.json,גואדלופה נטל,אדם בלומנטל,1750
ספרדית,פוקנר.json,אדמונדו פאס סולדן,אדם בלומנטל,1194
ספרדית,התרנגולת השחוטה.json,הוראסיו קירוגה,טל ניצן,1800
ספרדית,הצופה.json,אנדרס קייסדו,אדם בלומנטל,2197
ספרדית,אסיר השמים.json,קרלוס רואיס סאפון,מונה גודאר,1702
ספרדית,מלאך ושמו גבריאל.json,אלונזו קוואטו,תום אורגד,1788
ספרדית,האספנית.json,קרלה סוארס,מירי ויקסמן,1262
ספרדית,יום לא מושלם.json,ג'ובאנה ריברו,ליה נירגד,522
ספרדית,"ברוך הבא, בוב.json",חואן קרלוס אונטי,טל ניצן,2209
ספרדית,הזקיף.json,אלחנדרה סינה,מירי ויקסמן,1299
ספרדית,גבריות.json,אנטוניו אורטוניו,אדם בלומנטל,810
ספרדית,כמה מילימטרים בקושי.json,שרה מסה,ליה נירגד,4429
ספרדית,סנטה קלאוס ישן בבית.json,סמנתה שוובלין,מירי ויקסמן,1385
ספרדית,המלאכית הקטנה יוצאת מקברה.json,מריאנה אנריקס,אדם בלומנטל,1828
ספרדית,מילא את חובתו.json,אריאל מגנוס,ארז וולק,2798
ספרדית,מותו של הקנגרו.json,חואן פבלו רוֺנקוֺנֵה,סוניה ברשילון,1991
ספרדית,דעיכה.json,קאטו רמון,אדם בלומנטל,1421
ספרדית,השיר ששרנו יום יום.json,לוסיאנו למברטי,אדם בלומנטל,1767
ספרדית,מטרה לילית.json,ריקרדו פיגליה,ליה נירגד,2812
ספרדית,הבור.json,סנטיאגו רונקגליולו,מיכל שליו,774
ספרדית,המדד לאהבה שלי.json,פרננדה טריאס,מיכל שליו,2962
ספרדית,לוטאן יושבת.json,מריה מַרְטוֹצָ'ה,ליה נירגד,3207
ספרדית,נתנו לנו את האדמה.json,חואן רולפו,אדם בלומנטל,1141
ספרדית,איש אמונה.json,חואן ויורו,מיכל שליו,769
ספרדית,קוהיבה.json,לוסיה פואנסו,אדם בלומנטל,4209
ספרדית,הסרט האדום.json,מאג'לה בודואן,סוניה ברשילון,2184
ספרדית,אמא נגד האדמה.json,לאיה חופרסה,מירי ויקסמן,1924
ספרדית,אהבה בימי כולרה.json,גבריאל גריסה מארקס,ריטה מלצר ואמציה פורת,4743
ספרדית,קאסוֹס.json,ניקולס מבראקיס,ליה נירגד,2342
ספרדית,בַּטְרָכוֹפִילִים וּבַּטְרָכוֹפוֹבִּים.json,מיגל דה אונאמונו,רמי סערי,1328
ספרדית,הזמנה.json,קלאודיה ארננדס,מיכל שליו,761
ספרדית,קלרה.json,רוברטו בולניו,אדם בלומנטל,2788
ספרדית,אני מתפלל בשבילך.json,ליליאנה קולנסי,מירי ויקסמן,710
ספרדית,תודה.json,אלחנדרו סמברה,אדם בלומנטל,2059
ספרדית,מי זוכר את האבק בבית של המינגווי?.json,חוסה מיגל טומסנה,אדם בלומנטל,1429
ספרדית,הסוד.json,אלחנדרה לאוּרנסיץ',אדם בלומנטל,1198
ספרדית,האישה שלא.json,חורחה איבגואנגויטיה,אדם בלומנטל,1537
ספרדית,Famous Blue Raincoat.json,אָישָה דה לה קרוס,סוניה ברשילון,1783
ספרדית,תקלה בשירות.json,תומאס סנצ'ס בלוקיו,אדם בלומנטל,1923
ספרדית,אזעקת שווא.json,גונסאלו הרננדס,טל ניצן,974
ספרדית,חרפה.json,אלוורו אנריגה,סוניה ברשילון,2863
ספרדית,מַאֶסטוֹזוֹ.json,חורחה ווֹלְפִּי,אדם בלומנטל,1631
ספרדית,דבש בר.json,הוראסיו קירוגה,טל ניצן,1240
ספרדית,בעניין החתונה.json,אלוי טיסון,מיכל שליו,2667
ספרדית,אשתו של מנהל העבודה.json,סלבה אלמדה,סוניה ברשילון,2217
ספרדית,איש הטבק.json,דייגו וקיו,אדם בלומנטל,1807
ספרדית,עגל הלגו.json,ג'ון בילבאו,מיכל שלי​ו,2483
ספרדית,הבן.json,הוראסיו קירוגה,טל ניצן,1167
ספרדית,גורילות בקונגו.json,אלחנדרה קוסטמגנה,מירי ויקסמן,641
ספרדית,זיכרונות מהזונות העצובות שלי.json,גבריאל גרסיה מארקס,טל ניצן,4386
ספרדית,בגיל ההוא הייתי רק ילד.json,גיירמו פדנלי,אדם בלומנטל,748
ספרדית,המניע הנסתר.json,משאדו די אסיס,אדם בלומנטל,2735
ספרדית,הבוקר מוקדם.json,פדרו מאיראל,ליה נירגד,1558
ספרדית,בית מחוץ לעיר.json,ולריה קוראה פיס,ליה נירגד,3160
ספרדית,כח הדם.json,מיגל דה סרוונטס,יוסף רובין,5313
ספרדית,אריות.json,בף,אדם בלומנטל,1062
ספרדית,בית תפוס.json,חוליו קורטאסר,טל ניצן,1424
ספרדית,הגן.json,לואיס נגרון,אדם בלומנטל,2067
ספרדית,מים קפואים.json,ורה ג'קוני,סוניה ברשילון,1578
ספרדית,"אדיוס, המינגווי.json",ליאונרדו פדורה,טל ניצן,2644
ספרדית,חצאים.json,אנחל ספאטה,אדם בלומנטל,739
ספרדית,הגן היפני.json,אנטוניו אורטוניו,אדם בלומנטל,1236
ספרדית,"אהבה, פרוזאק, סקרנות וספקות.json",לוסיה אצ'ווריה,empty,5311
ספרדית,מפתח גאודי.json,אסטבן מרטין ואנדראו קראנסה,איתי רון,3733
ספרדית,הכלב.json,ססר איירה,אדם בלומנטל,2304
ספרדית,ידידות אמת.json,חורחה פ' ארננדס,סוניה ברשילון,2038
ספרדית,ספרד.json,אנטוניו מוניוס מולינה,פרידה פרס-דניאלי,6650
ספרדית,האיים.json,מרינה פרסאגואה,ליה נירגד,1656
סרבו-קרואטית,כבוד אחרון.json,דנילו קיש,דינה קטן בן ציון,2026
סרבו-קרואטית,דרישת שלום מדלמטיה.json,זֶ'לימיר פֶּרישׁ,דינה קטן בן-ציון,1290
סרבית,הפיג'מה.json,דוד אלבחרי,דינה קטן בן-ציון,1138
עברית,לא היה ולא נברא.json,דן בונה,None,1858
עברית,מלידה עד גיל שנה המדריך הישראלי לטיפול בתינוק.json,מור אסאל וענת בר לב,None,945
עברית,מוסר ועסקים- הילכו שניהם יחדיו.json,אביבה גבע,None,5482
עברית,הדבר היה ככה.json,מאיר שליו,None,912
עברית,פגישה צרפתית.json,שרי שביט,empty,4310
עברית,המחסל.json,חגי ליניק,None,1162
עברית,קול צעדינו.json,רונית מטלון,empty,2188
עברית,המרפסת.json,אבשלום קווה,empty,5994
עברית,השלישי.json,ישי שריד,empty,4650
עברית,ישמעאל.json,שמעון אדף,empty,1373
עברית,חיות הקודש.json,דר עידו חברוני,None,1303
עברית,שפת תהום.json,יונתן פיין,empty,5285
עברית,רצפת חול.json,אורית גרוס,None,929
עברית,אהבה על החוף.json,מיכל גוברין,None,1079
עברית,יומן ספרותי.json,לאה גולדברג,None,1738
עברית,"יעקב ולנשטיין, הערות לביוגרפיה עתידית.json",שי אזולאי,empty,2266
עברית,לגמרי במקרה.json,מעוז מוסל,None,1762
עברית,מכות עכשיו – ארבה.json,יפתח אלוני,empty,571
עברית,החתונות שלנו.json,דורית רביניאן,empty,5488
עברית,אפס עד 12.json,ארנה קזין,None,1280
עברית,אל יפו.json,איימן סיכסק,empty,1306
עברית,מכות עכשיו – כינים.json,יפתח אלוני,empty,670
עברית,חימו מלך ישראל.json,יורם קניוק,empty,5258
עברית,מופע הזיקוקין של היקום.json,עמיר לוינסון,None,1833
עברית,כשמכוניות נפלו מהשמים.json,צבי בראל,None,1899
עברית,שום גמדים לא יבואו.json,שרה שילה,empty,6303
עברית,קיץ.json,אסתי ג. חיים,empty,2322
עברית,סילנד.json,נגה אלבלך,None,1386
עברית,חרדה היא הזדמנות.json,עודד מבורך,None,1508
עברית,בזעיר אנפין.json,ירמי פינקוס,None,3304
עברית,אלימות אלוהית.json,עדי אופיר,None,1433
עברית,הקוף.json,בועז יזרעאלי,empty,1837
עברית,"חצי חלון, חצי מראה.json",מוני אנדר,None,3335
עברית,מה אתה מסתכל על?.json,תמר מרין,empty,1662
עברית,פונטנלה.json,מאת מאיר שלו,empty,4331
עברית,אשה זרה.json,אבירמה גולן,None,1719
עברית,רומן וינאי.json,דוד פוגל,None,2938
עברית,אלוהים נכה מאה אחוז.json,מוטי אברבוך,empty,5403
עברית,פורטון.json,רונה אלקולומברי-דז'ובס,None,1649
עברית,במזל סרטן.json,אילנה המרמן ויורגן ניראד,empty,4812
עברית,און-ליין.json,מיכל בכר,None,1919
עברית,הישראלי הנצחי.json,ניסן שור,empty,5024
עברית,הרשימה.json,יובל אברמוביץ',None,1666
עברית,בעין החתול.json,חביבה פדיה,empty,3848
עברית,ספינות של קרבה.json,רווה שגיא,None,475
עברית,ברזני.json,ישעיהו קורן,empty,4202
עברית,יסמין .json,מאת אלי עמיר,empty,4342
עברית,אמורי אשיג אטוסה.json,נורית זרחי,empty,1166
עברית,מכות עכשיו – ברד.json,יפתח אלוני,empty,813
עברית,ארכיטקט בכיכר.json,עדי שורק,empty,837
עברית,אל מקום שהרוח הולך.json,חיים באר,empty,3632
עברית,ארץ אררט.json,יעל גלר,None,20382
עברית,מְקִימִי.json,מאת נועה ירון-דיין,empty,1098
עברית,אחד העם 90.json,יותם ראובני,empty,2064
עברית,אנשים טובים.json,ניר ברעם,empty,7335
עברית,דיונות החול של פריז.json,עדנה שמש,None,2148
עברית,תהודות זהות.json,2007,empty,2031
עברית,המסע המשותף.json,"טלי אמסלם, צורית חפר ושי רפאלי",None,1936
עברית,ואז בדיוק התאהבתי בך.json,שרי גל,None,1174
עברית,סטלקר.json,מאת דוד טרבאי,empty,5389
עברית,כשדויד גרוסמן פגש את ויטו אקונצ`י.json,מרית בן ישראל,None,1873
עברית,עוד מעט החורף מתחיל.json,שי אספריל,None,2452
עברית,האצטדיון.json,עמוס טלשיר,None,894
עברית,ארנבוני גגות.json,רועי פוליטי,empty,5103
עברית,המקום שבו נגמרת אמריקה.json,בעז גאון,empty,6005
עברית,קוצים.json,שרון הורודי,empty,2296
עברית,עוד סיפור אהבה.json,עוזי וייל,empty,1948
עברית,אחרי החגים.json,יהושע קנז,empty,8405
עברית,"בית הכרם. ירושלים, 1985.json",ניר ברעם,empty,3737
עברית,משא האשמה.json,זיו דורקם,None,2640
עברית,המנון לשמחה.json,שפרה הורן,empty,5791
עברית,הפלדה החזקה ביותר.json,עידן אלמוג,None,1665
עברית,דולפינים בקרית גת.json,דנה חפץ,None,2183
עברית,אויבת סיפור האהבה.json,עלמה גניהר,empty,2927
עברית,חיי עם האבות.json,דב אלבוים- 2001,empty,5856
עברית,"שרה, שרה.json",מאת רונית מטלון,empty,4812
עברית,ג'י-פי-אס.json,עלמה גניהר,empty,4610
עברית,מסות ומאמרים.json,אברהם שלונסקי,None,1157
עברית,חלומותיהם החדשים.json,חיים באר,None,495
עברית,הקמע של דדה.json,יוחאי אופנהיימר,empty,964
עברית,גילה.json,ס. יזהר,empty,2219
עברית,ואדי מילח.json,אורנה עקאד,None,902
עברית,מאושרי והלאה.json,הילה עמית,empty,1962
עברית,חצוצרה בואדי.json,מאת סמי מיכאל,empty,5492
עברית,אוריאן.json,שירה פנקס,None,568
עברית,אירבוס A320.json,עמנואל בלחסן,None,1644
עברית,מכות עכשיו – צפרדע.json,יפתח אלוני,empty,488
עברית,פה גדול איינשטיין.json,אלון שילדקראוט,None,3161
עברית,סיפור על חופשה עצובה.json,תמר לויט,empty,1560
עברית,מה שנשאר.json,אלי עמר,None,3796
עברית,שלושה סיפורי אהבה.json,מאת יעל הדיה,empty,5262
עברית,שדיים.json,"יואב כ""ץ",empty,4842
עברית,מכות עכשיו – מכת בכורות.json,יפתח אלוני,empty,429
עברית,אנציקלופדיה של הרעיונות.json,דוד גורביץ',None,4790
עברית,אבדות.json,לאה גולדברג,None,157
עברית,אישה בשמלה ירוקה.json,מיה לוי-ירון,None,651
עברית,צל עולם.json,ניר ברעם,None,19404
עברית,שלושה גברים באמריקה.json,ג׳וליה פרמנטו,empty,5640
עברית,בנדיט.json,איתמר אורלב,None,635
עברית,כמעט מפורסמת 2- הכול יכול לקרות.json,מיכל בכר,None,1987
עברית,רומן רוסי.json,מאת מאיר שלו,empty,11310
עברית,יש לך בשביל מה.json,אודי שרבני,None,1857
עברית,סמטת השקדיות בעומריג'אן.json,מאת דורית רביניאן,empty,6413
עברית,בנתיב הבטוח.json,עוד ערן בן עמי,None,823
עברית,הדחיפה.json,נגה אלבלך,None,724
עברית,לפחד יש ריח.json,מאת תמר ורטה-זהבי,empty,4103
עברית,מכונת השקר.json,גרשון בן-שחר ומריאנה בר,None,1813
עברית,משה לנדוי - שופט.json,מיכל שקד,None,2544
עברית,מחזיר אהבות קודמות.json,מאת יהושע קנז,empty,5817
עברית,דבש קיץ.json,דניאלה כרמי,empty,5568
עברית,אינטליגנציה תוצאתית.json,דר דיתי קליין,None,1155
עברית,הפעם האחרונה.json,תמר גלבץ,empty,3460
עברית,לימסול.json,ישי שריד,None,2746
עברית,"ריצ'רד ניקסון, אמא שלי.json",תהל פרוש,empty,750
עברית,חלזונות על הכביש המהיר.json,מאת נטעלי גבירץ,empty,2433
עברית,תרנגול כפרות.json,אלי עמיר,None,3526
עברית,בתחבולות תעשה לך עסקים.json,ישראל לביא,None,875
עברית,איש ליד מכונה.json,סטף ורטהימר,None,1817
עברית,לאה גולדברג - ספר סרט מבחר שירים.json,גדעון טיקוצקי,None,437
עברית,דבש.json,ליאת אלקיים,empty,2217
עברית,"אבן, נייר.json",תומר גרדי,None,1091
עברית,עץ הדודא.json,חנה בת שחר,None,4087
עברית,על דעת עצמו.json,נורית גרץ,empty,9330
עברית,דקה לחצות.json,יאיר פלקר,None,614
עברית,יצחק רצח רבין הסיפור שלא סופר.json,דביר קריב,None,7381
עברית,גוזל.json,ארנה קזין,None,1040
עברית,המיליון ששינה את המזרח התיכון.json,לילי גלילי ורומן ברונפמן,None,1442
עברית,מפריח היונים.json,אלי עמר,None,1106
עברית,המנהיג והתקשורת.json,רפי מן,None,2184
עברית,"החיים, האהבה, המוות.json",מישקה בן דוד,None,2302
עברית,מרתון.json,זהר פרידמן,None,910
עברית,דיונה.json,דורית פלג,empty,3718
עברית,האצבעות על הגבעה.json,איתן דרור־פריאר,empty,1200
עברית,החייל מס' 2.json,פזית בן נון בלום,None,518
עברית,ירידת מים.json,דורית רביניאן,empty,3071
עברית,התופרת.json,בנימין תמוז,empty,3104
עברית,החי על המת.json,אהרון מגד,empty,4745
עברית,לב של אבן.json,רועי חן,empty,1422
עברית,חלמתי שאני ער -אילנה ברנשטיין.json,2001,empty,7303
עברית,כימים אחדים.json,מאת מאיר שלו,empty,4944
עברית,דאעש.json,צור שיזף,None,940
עברית,תיק קצב.json,יובל יועז,None,2577
עברית,גוף זר.json,ענת גור,None,1633
עברית,מה שמשתקף באגם.json,דרור משעני,empty,4595
עברית,דוקומנטלי.json,מאמר מאת גליה יהב,empty,2859
עברית,רשימות מן הגנזך העירוני.json,יונתן רז פורטוגלי,empty,2879
עברית,הירח ירוק בואדי.json,דודו בוסי,empty,5418
עברית,מדריך רפרם לכלא הלובי.json,רפרם חדד,None,5625
עברית,טרמינל.json,אילן גופר,None,486
עברית,ייעודו של דן.json,כרמית גלבוע,None,3722
עברית,בנגאזי-ברגן בלזן.json,יוסי סוכרי,empty,2140
עברית,גיים אובר.json,דנה אבירם,None,1015
עברית,טיטניום.json,דרור בורשטיין,empty,1431
עברית,"קְסַנְטִינִי, הילד האחרון של המאה.json",סמי ברדוגו,empty,5404
עברית,"דושינקא, נשמה.json",איריס אליה-כהן,None,3493
עברית,לפני המקום.json,מאת חיים באר,empty,1018
עברית,תמרה הולכת על המים.json,מאת שפרה הורן,empty,5543
עברית,כתם של עננה קלה.json,יואל אליצור,None,1258
עברית,תמונות חתונה.json,מאת גיל אילוטוביץ,empty,1667
עברית,אשה אחת נפלה.json,אילון עמית,None,4568
עברית,"הטוב, הרע והמכוער באינטרנט.json",פרופ יאיר עמיחי-המבורגר,None,924
עברית,סרגוסה בברלין.json,יפתח אלוני,empty,1392
עברית,מכות עכשיו – ערוב.json,יפתח אלוני,empty,560
עברית,גבריאלה (מתוך לִיבְּשֶֹן).json,יוסי וקסמן,empty,2276
עברית,כל הדרך הביתה.json,מאת מירי רוזובסקי,empty,6113
עברית,"חברים, תופים ואקדח.json",דורית אורגד,None,1687
עברית,מבעד לכוונות הטובות.json,שולי דיכטר,None,899
עברית,יונה ונער.json,מאת מאיר שלו,empty,3725
עברית,המפקד האליון.json,יגיל לוי,None,14513
עברית,לבחור באושר.json,"ד""ר טל בן-שחר",None,1987
עברית,מכות עכשיו – דבר.json,יפתח אלוני,empty,502
עברית,חזקים ברוסיה.json,רן דברת,None,3324
עברית,סוד האהבה.json,כנרת טל מאיר,None,441
עברית,הילד.json,רווה שגיא,empty,868
עברית,אהבת שאול.json,אלי עמיר,empty,5430
עברית,המאחרים.json,אגור שיף,empty,837
עברית,ואז הבליח אור.json,אברם קנטור,None,1024
עברית,מסעות בנימין השלישי.json,מנדלה מוכר ספרים,None,1741
עברית,תשרין.json,איימן סיכסק,None,5369
עברית,ג'ינג'ית חילווה.json,שירה פנקס,empty,2670
עברית,מראה מקום.json,מאת גלעד עברון,empty,5726
עברית,הממלכה.json,אמיר אור,None,717
עברית,דידי שם זמני.json,"עדנה קפלן-הגלר""",None,407
עברית,בדידות מזהרת.json,עמיחי שלו,None,602
עברית,ארוחת בוקר ישראלית.json,ויסמן ניצן,None,1024
עברית,התנך בחרוזים  מגילת אסתר.json,אפרים סידון,empty,711
עברית,בוא כמו שאתה.json,רון דהן,None,1716
עברית,קו המלח.json,יובל שמעוני,empty,2903
עברית,האיש משם.json,יצחק בן נר,None,2896
עברית,כל השירים.json,ע. הלל,None,1042
עברית,מכתוב.json,איריס אליה-כהן,None,962
עברית,בחזקת שלושה.json,יוסי אלפי,None,778
עברית,פורצת הדרך מעג'מי.json,נאדיה חילו,None,1166
עברית,פעמיים.json,בלה שייר,empty,2436
עברית,דברים שאני יודעת על ר'.json,אדוה בולה,None,1404
עברית,מכות עכשיו – שחין.json,יפתח אלוני,empty,1149
עברית,רוחות מלחמה גרעינית.json,אורי שטנדל,None,1688
עברית,האימפרו - כוח המחשבה.json,שי גור,None,1800
עברית,גדר חיה.json,דורית רביניאן,empty,1897
עברית,התגנבות יחידים.json,יהושע קנז,empty,5517
עברית,זוגינומיקס.json,פולה שומאן וג'ני אנדרסון,None,1800
עברית,הטור השביעי - כרך ד'.json,נתן אלתרמן,None,442
עברית,גברת ורבורג.json,עירית לינור,None,7401
עברית,ללא איפור.json,יצחק שילה,None,1074
עברית,ויקטוריה.json,סמי מיכאל,empty,5558
עברית,קוֹפִּי ופֵּייסְט.json,יואב רוזן,empty,2416
עברית,אהבה בלתי אפשרית.json,יעל רוזמן,None,2771
עברית,מכות עכשיו – חושך.json,יפתח אלוני,empty,576
עברית,רק שלא יגיד את המילה הזאת.json,יעל נאמן ברק,None,1087
עברית,לא ביום ולא בלילה.json,מאת יצחק בר-יוסף,empty,5594
עברית,"שרון, חייו של מנהיג.json",גלעד שרון,None,1880
עברית,מי בכלל דיבר על אהבה.json,אורית רז,None,5174
עברית,ממלכת צפון מזרח.json,נתניאל ריץ',רנה ורבין,8187
עברית,עת הזמיר.json,מאת חיים באר,empty,5123
עברית,זה לא מקום לילדות.json,הדר גת,None,2346
עברית,המיטה שאתה מציע בעצמך.json,אילת שמיר,None,1579
עברית,מפורסם.json,גואל פינטו,None,3157
עברית,גואדלופה.json,שהם סמיט,empty,1121
עברית,מלאכים באופק.json,מרב זקס,None,675
עברית,מה שהסתרתי בבטן.json,יונה טפר,None,930
עברית,בין הרציחות.json,ארווינד אדיגה,"יואב כ""ץ",2053
עברית,מים נושקים למים.json,מאת סמי מיכאל,empty,6918
עברית,וכשאני לעצמי מה אני.json,עמלה עינת,None,2876
עברית,שמישהו יסגור את השער.json,מירה מגן,empty,2383
עברית,בינת השכוי.json,אביגדור דגן,empty,5693
עברית,הציור האחרון של ג'אקופו מאסיני.json,צדוק צמח,empty,6757
עברית,והיו הנעליים מאושרות.json,שושנה שרירא ואריאל כהן,None,4415
עברית,בדרך אל החתולים.json,יהושע קנז,empty,4660
עברית,גבולות.json,רונית רפ,None,2962
עברית,באבא ג'י.json,יונתן יבין,empty,2136
עברית,מיסטר סקווישי 2.json,דייויד פוסטר וואלאס,אלינוער ברגר,853
עברית,מכות עכשיו – דם.json,יפתח אלוני,empty,553
עברית,אלי פורש כנפיים.json,נגה אלבלך,None,154
עברית,אנשים מעדיפים לטבוע בים.json,ליאור דיין,None,2565
עברית,ים בחלון.json,לאה גולדברג,None,1570
עברית,קטטה.json,אורי ניסן גנסין,empty,3380
עברית,סיפור ישן.json,יפתח אלוני,empty,306
עברית,אפשרות של אלימות.json,דרור משעני,None,1251
עברית,לא זמן טוב לאהבה.json,יוסי יונה,None,1186
עברית,חמישה.json,יובל אלבשן,None,464
עברית,רוטשילד - כרוניקה של מחאה.json,אשר שכטר,None,5682
עברית,"אתם, שחיים יפה כל כך.json",מיכאל פאר,None,2996
עברית,אחריות תאגידית.json,עברי ורבין,None,795
עברית,כלה.json,אורה אחימאיר,None,1650
עברית,אלמוניות.json,אגור שיף,empty,1660
עברית,"בית אבות לגיבורי מלחמה, ורשה.json",איתמר אורלב,empty,1763
עברית,בנגאזי-ברגן-בלזן.json,יוסי סוכרי,None,2388
עברית,מבעד לכסות העור.json,אסתר כהן כרמל,None,1899
עברית,הרקדן.json,יהודית הנדל,empty,1349
עברית,מנחם בשבת תרבות.json,מנחם המשעמם,None,1698
עברית,כתב סתרים.json,שושי בריינר,empty,1667
עברית,כתבים יהודיים.json,חנה ארנדט,None,6730
עברית,הקברט ההיסטורי של פרופסור פבריקנט.json,ירמי פינקוס,empty,350670
עברית,ילדה בקפה.json,רונית מטלון,empty,5448
עברית,נערות הפרובינציה העצובות והשאפתניות.json,נורית זרחי,empty,3217
עברית,געגועים לשינויים.json,2005,empty,4231
עברית,שמש חדשה.json,שי טובלי ואילון לסטר,None,238
עברית,אבני שיש טהור.json,הרצל כהן,empty,5197
עברית,אשה בשמלה ירוקה.json,מיה לוי-ירון,None,641
עברית,הסינים.json,אורי אורלב,empty,2623
ערבית,המושב של רונאלדו.json,מחמוד שוקיר,יהודה שנהב- שהרבני,1175
ערבית,אורות אדומים.json,טלאל אבו שוויש,יהודה שנהב-שהרבני,567
ערבית,הדלת הפתוחה.json,עבד אל רחמן מוניף,יהודה שנהב-שהרבני,4762
ערבית,המציאות והתיעוד.json,חסן בלסים,ברוריה הורביץ,2810
פולנית,אבולעפיה.json,פאבל הילה,מירי פז,1637
פולנית,רב טוראי קֹוזְ'יוֹלֶק ואני.json,תדאוש קונביצקי,עילי הלפרן,4740
פולנית,ערב עם הסופר.json,אוֹלגה טוֹקַרְצ'וּק,עילי הלפרן,3794
פורטוגזית,ויטו המעופף.json,זירלדו,יורם מלצר,1603
פורטוגזית,Funny Valentine.json,פאולו סקוט,אביתר אורן,742
פורטוגזית,קופים.json,קלריס ליספקטור,מרים טבעון,647
פורטוגזית,הארורים.json,אנטוניו לובו אנטונש,empty,4729
פורטוגזית,קין.json,ז'וז'ה סאראמאגו,מרים טבעון,963
פינית,שנת הארנב.json,ארטו פאסילינה,רמי סערי,4330
פינית,רעב.json,רָאִיָּה סִיֵיקִינֶן,רמי סערי,1013
פרסית,דודי נפוליאון.json,איראג` פֶּזֶשְׁכְּזָאד,אורלי נוי,800
פרסית,"טהראן, רחוב המהפכה.json",אמיר חסן צ'הלתן,אורלי נוי,3369
צ'כית,קצת דבש.json,יאכים טופול,פאר פרידמן,2880
צ'כית,לגרגר זפת.json,יאכים טופול,פאר פרידמן,652
צ'כית,מעשה בתמונת הקיסר פראנץ יוזף הראשון.json,יארוסלב האשק,רות בונדי,1128
צ'כית,הבדיחה.json,מילן קונדרה,דב קווסטלר,4879
צ'כית,איך נפגשתי עם מחבר ההספד עליי.json,יארוסלב האשק,רות בונדי,813
צרפתית,אז ככה.json,בטיסט בולייה,רמה איילון,386
צרפתית,המחרוזת.json,גי דה מופסן,רויטל יהלום,920
צרפתית,הסכנות שבהתנהגות נלוזה.json,אונורה דה בלזק,מירי ליטבק,868
צרפתית,הדרשה על נפילת רומי.json,ז'רום פרארי,רמה איילון,1880
צרפתית,הסתערות אחרונה לקוזאקים של הדון.json,מתיאס אנאר,רמה אילון,778
צרפתית,זוג רעים.json,גי דה מופסן,רמה איילון,1490
צרפתית,חוצה הקירות.json,מרסל אמה,רמה איילון,2423
צרפתית,המתה.json,גי דה מופסן,אביבה ברק,1249
צרפתית,הדבר.json,אלבר קאמי,אילנה המרמן,5414
צרפתית,אדם הראשון.json, אלבר קאמי,empty,4586
צרפתית,שעת הפעמונים.json,ז'ורז' סימנון,empty,4256
צרפתית,לב תמים.json,גוסטב פלובר,אילנה המרמן,8339
צרפתית,עפיפונים.json,רומן גארי,empty,4027
צרפתית,חומצה גופריתנית.json,אמלי נותומב,חגית בת-עדה,517
צרפתית,אשתו של ז'ורז'.json,ורוניק ביזו,רמה אילון,2845
צרפתית,רז'ינה.json,ז'יל רוזייה,רמה איילון,1515
צרפתית,האישה עם הפנקס האדום.json,אנטואן לורן,רמה איילון,8661
צרפתית,נואה נואה מסע לטהיטי.json,פול גוגן,ארזה טיר-אפלרויט,691
צרפתית,הסוד המשותף.json,ז'ורז' סימנון,יהושע קנז,3231
צרפתית,האיש במעיל הרוח הצהוב.json,תיירי הורגלן,אביגיל בורשטיין,2751
צרפתית,שיממון.json,סילבן טסון,רמה איילון,3241
צרפתית,האיש שצפה ברכבות.json,ז'ורז' סימנון,יהושע קנז,5368
צרפתית,יום א'.json,אירן נמירובסקי,ניר רצ'קובסקי,4353
צרפתית,כל החיים לפניו.json,אמיל אז'אר,אביטל ענבר,1374
קטלאנית,חלומו של גוטפריד היינריך.json,ז'אומה קברה,אדם בלומנטל,2190
רומנית,ספר הלחישות.json,ורוז`אן ווסגניאן,אנני שילון,1195
רומנית,התקררות.json,אוגוסטין קופסה,יותם ראובני,2028
רומנית,39'.json,רָאדוּ פָּרָסקיבֶסקוּ,יותם ראובני,3729
רוסית,פרבולה של הצלחה.json,ליאוניד פקרובסקי,טניה חזנובסקי ותומר שריג,896
רוסית,ספר תלונות.json,אנטון צ'כוב,אולגה סונקין,270
רוסית,דלות | ערדל.json,מיכאל זושצ'נקו,דינה מרקון,1165
רוסית,בן-טוביה.json,ליאוניד אנדרייב,אולגה סונקין,952
רוסית,מֶטרָבוּעין.json,סיגיזמוֹנד קרְזִ'יזָ'נוֹבסקי,סיון בסקין,2715
רוסית,מתה לישון.json,אנטון צ'כוב,אריה אהרוני,1363
רוסית,מטאטא וסיפורים אחרים.json,לאוניד פקרובסקי,טניה חזנובסקי ותומר שריג,1028
רוסית,ריקוד הברבורים.json,אליס ביאלסקי,יעל טומשוב,2041
רוסית,סופת שלגים.json,מיכאיל בולגקוב,ליזה צ'ודנובסקי,2933
רוסית,רוחה של גברת ז'אנליס (מקרה ספיריטואלי).json,ניקולאי לסקוב,דינה מרקון,3405
רוסית,הגווארדיה הלבנה.json,מיכאיל בולגאקוב,empty,3631
רוסית,אנחנו ושכמותנו.json,סרגיי דובלטוב,שי מרקוביץ',4560
רוסית,לאחר הנשף.json,לב טולסטוי,גרשון חזנוב,2722
רוסית,הוללות לא מתוכננת | הקופאית.json,דניאיל חארמס,אולגה סונקין,830
רוסית,רומן בתשעה מכתבים.json,פיודור דוסטוייבסקי,דינה מרקון,3715
רוסית,הניצב.json,אנטולי קוּזְנֶצוֹב,אולגה סונקין,6167
רוסית,אלעָזָר.json,ליאוניד אנדרייב,ק.א. ברתיני,5113
רוסית,מלכת פיק.json,אלכסנדר סרגייביץ' פושקין,רנה ליטוין,6244
רוסית,צמד אחים.json,יבגני שוורץ,סיון בסקין,3726
רוסית,יגון.json,אנטון צ'כוב,עמנואל ביחובסקי,1412
רוסית,חלומו של אדם מגוחך.json,פיודור דוסטוייבסקי,אריה אהרוני,5890
רוסית,האווז הראשון שלי.json,איסאק באבל,נילי מירסקי,913
רוסית,מוצא המינים.json,ויקטור פלווין,אולגה סונקין,3550
רוסית,דרמה.json,אנטון צ'כוב,רועי חן,1235
רוסית,כמו פנלופה.json,לודמילה פטרושבסקיה,אולגה סונקין,3935
רוסית,עלילות הזקנה שקנתה דיו.json,דניאיל חארמס,אולגה סונקין,1428
שוודית,מלכודת כפולה.json,קארין גרהרדסן,יעל צובארי,3088
שוודית,דרך הטבע.json,שרה פבורן,דנה כספי,5147
